<?xml version="1.0" encoding="UTF-8" standalone="no"?>
<CATALOG>
   <CD ARTIST="Bonnie Tyler" COMPANY="CBS Records" COUNTRY="UK" PRICE="9.90" TITLE="Hide your heart" YEAR="1988"/>
   <CD ARTIST="Dolly Parton" COMPANY="RCA" COUNTRY="USA" PRICE="9.90" TITLE="Greatest Hits" YEAR="1982"/>
   <CD ARTIST="Gary Moore" COMPANY="Virgin records" COUNTRY="UK" PRICE="10.20" TITLE="Still got the blues" YEAR="1990"/>
   <CD ARTIST="Eros Ramazzotti" COMPANY="BMG" COUNTRY="EU" PRICE="9.90" TITLE="Eros" YEAR="1997"/>
   <CD ARTIST="Bee Gees" COMPANY="Polydor" COUNTRY="UK" PRICE="10.90" TITLE="One night only" YEAR="1998"/>
   <CD ARTIST="Dr.Hook" COMPANY="CBS" COUNTRY="UK" PRICE="8.10" TITLE="Sylvias Mother" YEAR="1973"/>
   <CD ARTIST="Rod Stewart" COMPANY="Pickwick" COUNTRY="UK" PRICE="8.50" TITLE="Maggie May" YEAR="1990"/>
   <CD ARTIST="Andrea Bocelli" COMPANY="Polydor" COUNTRY="EU" PRICE="10.80" TITLE="Romanza" YEAR="1996"/>
   <CD ARTIST="Percy Sledge" COMPANY="Atlantic" COUNTRY="USA" PRICE="8.70" TITLE="When a man loves a woman" YEAR="1987"/>
   <CD ARTIST="Savage Rose" COMPANY="Mega" COUNTRY="EU" PRICE="10.90" TITLE="Black angel" YEAR="1995"/>
   <CD ARTIST="Many" COMPANY="Grammy" COUNTRY="USA" PRICE="10.20" TITLE="1999 Grammy Nominees" YEAR="1999"/>
   <CD ARTIST="Kenny Rogers" COMPANY="Mucik Master" COUNTRY="UK" PRICE="8.70" TITLE="For the good times" YEAR="1995"/>
   <CD ARTIST="Will Smith" COMPANY="Columbia" COUNTRY="USA" PRICE="9.90" TITLE="Big Willie style" YEAR="1997"/>
   <CD ARTIST="Van Morrison" COMPANY="Polydor" COUNTRY="UK" PRICE="8.20" TITLE="Tupelo Honey" YEAR="1971"/>
   <CD ARTIST="Jorn Hoel" COMPANY="WEA" COUNTRY="Norway" PRICE="7.90" TITLE="Soulsville" YEAR="1996"/>
   <CD ARTIST="Cat Stevens" COMPANY="Island" COUNTRY="UK" PRICE="8.90" TITLE="The very best of" YEAR="1990"/>
   <CD ARTIST="Sam Brown" COMPANY="A and M" COUNTRY="UK" PRICE="8.90" TITLE="Stop" YEAR="1988"/>
   <CD ARTIST="T'Pau" COMPANY="Siren" COUNTRY="UK" PRICE="7.90" TITLE="Bridge of Spies" YEAR="1987"/>
   <CD ARTIST="Tina Turner" COMPANY="Capitol" COUNTRY="UK" PRICE="8.90" TITLE="Private Dancer" YEAR="1983"/>
   <CD ARTIST="Kim Larsen" COMPANY="Medley" COUNTRY="EU" PRICE="7.80" TITLE="Midt om natten" YEAR="1983"/>
   <CD ARTIST="Luciano Pavarotti" COMPANY="DECCA" COUNTRY="UK" PRICE="9.90" TITLE="Pavarotti Gala Concert" YEAR="1991"/>
   <CD ARTIST="Otis Redding" COMPANY="Atlantic" COUNTRY="USA" PRICE="7.90" TITLE="The dock of the bay" YEAR="1987"/>
   <CD ARTIST="Simply Red" COMPANY="Elektra" COUNTRY="EU" PRICE="7.20" TITLE="Picture book" YEAR="1985"/>
   <CD ARTIST="The Communards" COMPANY="London" COUNTRY="UK" PRICE="7.80" TITLE="Red" YEAR="1987"/>
   <CD ARTIST="Joe Cocker" COMPANY="EMI" COUNTRY="USA" PRICE="8.20" TITLE="Unchain my heart" YEAR="1987"/>
</CATALOG>
