<?xml version="1.0" encoding="UTF-8" standalone="no"?>
<CATALOG>
   <CD>
      <TITLE>Hide your heart</TITLE>
      <ARTIST>Bonnie Tyler</ARTIST>
      <COUNTRY>UK</COUNTRY>
      <COMPANY>CBS Records</COMPANY>
      <PRICE>9.90</PRICE>
      <YEAR>1988</YEAR>
   </CD>
   <CD>
      <TITLE>Greatest Hits</TITLE>
      <ARTIST>Dolly Parton</ARTIST>
      <COUNTRY>USA</COUNTRY>
      <COMPANY>RCA</COMPANY>
      <PRICE>9.90</PRICE>
      <YEAR>1982</YEAR>
   </CD>
   <CD>
      <TITLE>Still got the blues</TITLE>
      <ARTIST>Gary Moore</ARTIST>
      <COUNTRY>UK</COUNTRY>
      <COMPANY>Virgin records</COMPANY>
      <PRICE>10.20</PRICE>
      <YEAR>1990</YEAR>
   </CD>
</CATALOG>
